<?xml version="1.0" encoding="UTF-8"?>
<beans xmlns="http://www.springframework.org/schema/beans"
xmlns:xsi="http://www.w3.org/2001/XMLSchema-instance"
xsi:schemaLocation="http://www.springframework.org/schema/beans
http://www.springframework.org/schema/beans/spring-beans.xsd">

<bean id="studentDAOImpl" class="com.dxc.training.dao.StudentDAOImpl">
<property name="dataSource" ref="dataSourceBean"/>
</bean>

<bean id="dataSourceBean" class="org.springframework.jdbc.datasource.DriverManagerDataSource">
<property name="driverClassName" value="com.mysql.cj.jdbc.Driver" />
<property name="url" value="jdbc:mysql://localhost:3306/dxcdb" />
<property name="username" value="root" />
<property name="password" value="San@root123!" />
</bean>

</beans>