empid,first_name,company_name,city,country
100,Rukmani,DXC,Bangloru,India
110,Radhika,DXC,Bangloru,India
120,Anusha,DXC,Bangloru,India
130,Chaitanya,NIIT,Delhi,India
140,Surya,NIIT,Delhi,India
150,Isvaryashree,NIIT,Delhi,India
160,kasthuri,Infosys,Pune,India
170,Nandani,Infosys,Pune,India
180,Sravanthi,Infosys,Pune,India
190,Pooja,TechM,dx,USA
200,Srinika,TechM,dx,USA
210,Prashana,TechM,dx,USA
220,Nikitha,Wipro,Gurugram,India
230,Pravalika,Wipro,Gurugram,India
250,Fatima,Wipro,Gurugram,India
260,Karthik,Wipro,Gurugram,India
