<?xml version="1.0" encoding="UTF-8"?>
<beans xmlns="http://www.springframework.org/schema/beans"
xmlns:xsi="http://www.w3.org/2001/XMLSchema-instance"
xsi:schemaLocation="http://www.springframework.org/schema/beans
http://www.springframework.org/schema/beans/spring-beans.xsd">

<!-- Calling byType autowire injection -->
<bean id="employee" class="com.dxc.training.bean.Employee" autowire="byType">
	<property name="empId" value="111"/>
	<property name="empName" value="Rukmini"/>
</bean>


<!-- Calling Setter injection for TrianglePoints bean -->
<bean id="department" class="com.dxc.training.bean.Department">
<property name="deptName" value="IT"/>
<property name="deptLocation" value="Delhi"/>
</bean>

</beans>