<?xml version="1.0" encoding="UTF-8"?>
<beans xmlns="http://www.springframework.org/schema/beans"
xmlns:xsi="http://www.w3.org/2001/XMLSchema-instance"
xsi:schemaLocation="http://www.springframework.org/schema/beans
http://www.springframework.org/schema/beans/spring-beans.xsd">

<!-- Calling Setter injection for Triangle bean -->
<bean id="triangle" class="com.dxc.training.bean.Triangle">
<property name="points" >
	<list>
	<ref bean="pointABean"/>
	<ref bean="pointBBean"/>
	<ref bean="pointCBean"/>
	</list>
</property>
</bean>

<!-- Calling Setter injection for TrianglePoints bean -->
<bean id="pointABean" class="com.dxc.training.bean.TrianglePoints">
<property name="xPoint" value="55"/>
<property name="yPoint" value="89"/>
</bean>

<!-- Calling Setter injection for TrianglePoints bean -->
<bean id="pointBBean" class="com.dxc.training.bean.TrianglePoints">
<property name="xPoint" value="34"/>
<property name="yPoint" value="98"/>
</bean>

<!-- Calling Setter injection for TrianglePoints bean -->
<bean id="pointCBean" class="com.dxc.training.bean.TrianglePoints">
<property name="xPoint" value="75"/>
<property name="yPoint" value="58"/>
</bean>

</beans>