<?xml version="1.0" encoding="UTF-8"?>
<beans xmlns="http://www.springframework.org/schema/beans"
xmlns:xsi="http://www.w3.org/2001/XMLSchema-instance"
xsi:schemaLocation="http://www.springframework.org/schema/beans
http://www.springframework.org/schema/beans/spring-beans.xsd">

<!-- Calling byName autowire injection -->
<bean id="triangle" class="com.dxc.training.bean.Triangle" autowire="byName"/>


<!-- Calling Setter injection for TrianglePoints bean -->
<bean id="pointA" class="com.dxc.training.bean.TrianglePoints">
<property name="xPoint" value="55"/>
<property name="yPoint" value="89"/>
</bean>

<!-- Calling Setter injection for TrianglePoints bean -->
<bean id="pointB" class="com.dxc.training.bean.TrianglePoints">
<property name="xPoint" value="34"/>
<property name="yPoint" value="98"/>
</bean>

<!-- Calling Setter injection for TrianglePoints bean -->
<bean id="pointC" class="com.dxc.training.bean.TrianglePoints">
<property name="xPoint" value="75"/>
<property name="yPoint" value="58"/>
</bean>

</beans>