<?xml version="1.0" encoding="UTF-8"?>
<beans xmlns="http://www.springframework.org/schema/beans"
xmlns:xsi="http://www.w3.org/2001/XMLSchema-instance"
xsi:schemaLocation="http://www.springframework.org/schema/beans
http://www.springframework.org/schema/beans/spring-beans.xsd">

<!-- Calling byType autowire injection -->
<bean id="employee" class="com.dxc.training.bean.Employee" autowire="constructor">
	<constructor-arg name="empId" value="111"/>
	<constructor-arg name="empName" value="Rukmini"/>
</bean>


<!-- Calling Setter injection for TrianglePoints bean -->
<bean id="department" class="com.dxc.training.bean.Department">
<constructor-arg name="deptName" value="Production"/>
<constructor-arg name="deptLocation" value="London"/>
</bean>

</beans>