<?xml version="1.0" encoding="UTF-8"?>
<beans xmlns="http://www.springframework.org/schema/beans"
xmlns:xsi="http://www.w3.org/2001/XMLSchema-instance"
xsi:schemaLocation="http://www.springframework.org/schema/beans
http://www.springframework.org/schema/beans/spring-beans.xsd">

<bean id="calc1" class="com.dxc.training.bean.Calculator">
<constructor-arg value="45"/>
<constructor-arg value="78"/>
</bean>

<bean id="calc2" class="com.dxc.training.bean.Calculator">
<constructor-arg value="85"/>
<constructor-arg value="58"/>
</bean>

</beans>